Workbook

Sheet MasterData
A1: MASTER DATA
A2: Chú giải màu cột: | C2: CCM.xlsx (Sheet1) — đã có sẵn | F2: CNNV "Danh mục dự án" — đã có sẵn | I2: Có một phần / cần đối chiếu, chuẩn hoá thêm | L2: MỚI hoàn toàn — chưa có nguồn, cần thu thập
A3: Ghi chú phương pháp: 17 dự án dưới đây là TOÀN BỘ dữ liệu thật hiện có trong CNNV "Danh mục dự án" (không phải số liệu minh hoạ). Chỉ ghép dữ liệu CCM.xlsx cho 2 dự án có căn cứ tin cậy (tên + khách hàng khớp khớp nội dung hợp đồng) — xem cột "Mã Alias/CCM" để biết chi tiết đối chiếu; KHÔNG tự động ghép hàng loạt vì CCM và CNNV hiện dùng 2 kiểu mã dự án khác nhau (xem sheet KeHoach_ThuThap, mục Dim_Project_Alias).
A4: Đã phát hiện 1 trường hợp mã dự án bị TRÙNG giữa 2 nguồn nhưng nội dung KHÔNG khớp rõ ràng (dòng "10626-051" — SVĐ Hùng Vương) — xem comment tại ô Mã Alias dòng đó. Đây là bằng chứng thực tế cho thấy cần chuẩn hoá 1 kiểu mã duy nhất trước khi build Power BI.
A5: Các ô có tam giác đỏ góc phải là ô có ghi chú (comment) giải thích nguồn/độ tin cậy/giả định — rê chuột để xem.
A7: STT | B7: Master_ID | C7: Mã dự án hiện tại | D7: Mã Alias/CCM (lịch sử đổi mã) | E7: Tên dự án | F7: Khách hàng / Chủ đầu tư | G7: Team KD | H7: Priority | I7: Loại hình dự án | J7: Thị trường (TN/XK) | K7: Trạng thái DA (chuẩn 4 nhóm) | L7: Giai đoạn hiện tại (khâu đang thi công) | M7: Ngày bắt đầu (thực tế) | N7: Ngày BĐ Kế hoạch (baseline) | O7: Ngày KH hoàn thành (toàn dự án) | P7: Ngày cam kết bàn giao (mốc phạt HĐ) | Q7: Đã bị phạt HĐ? | R7: Nguy cơ phạt HĐ (≤30 ngày, tự tính) | S7: Ngày ký HĐ | T7: Giá trị HĐ (tỷ VNĐ) | U7: Khối lượng (tấn) | V7: % HT Shop | W7: % HT Vật tư | X7: % HT Gia công | Y7: % HT Tập kết | Z7: % HT Lắp dựng | AA7: % HT Nghiệm thu | AB7: BAC (tỷ VNĐ) | AC7: % KH lũy kế | AD7: % TT lũy kế | AE7: AC lũy kế (tỷ VNĐ) | AF7: PV (tỷ) | AG7: EV (tỷ) | AH7: SPI | AI7: CPI | AJ7: EAC (tỷ) | AK7: VAC (tỷ) | AL7: Mức rủi ro (CNNV) | AM7: Trạng thái tổng thể (CNNV) | AN7: Backlog dự án (tỷ) | AO7: Công nợ quá hạn dự án (tỷ) | AP7: Doanh thu ghi nhận lũy kế (tỷ) | AQ7: Công nợ đã thu (tỷ) | AR7: Công nợ chưa thu (tỷ) | AS7: Ghi chú
A8: 1 | B8: M-00001 | C8: 10626-008 | E8: SVĐ PVF | F8: VinGroup | I8: Sân vận động | J8: TN | K8: Đang triển khai | L8: Lắp dựng | M8: 46006 | O8: 46294 | R8: =IF(AND(P8<>"",K8="Đang triển khai",OR(AD8="",AD8<1),Q8<>"Có",(P8-TODAY())<=30),"Có","Không") -> Không | U8: 26822 | V8: 0.9276496 | W8: 0.82946835 | X8: 0.76895832 | Y8: 0.70583849 | Z8: 0.51442845 | AA8: 0 | AB8: 477.8 | AC8: 0.8571 | AD8: 0.7898 | AE8: 210 | AF8: =IF(AB8="","",AB8*AC8) -> 409.52238 | AG8: =IF(AB8="","",AB8*AD8) -> 377.36644 | AH8: =IFERROR(IF(AB8="","",AG8/AF8),"") -> 0.92147941 | AI8: =IFERROR(IF(AB8="","",AG8/AE8),"") -> 1.796983 | AJ8: =IFERROR(IF(AB8="","",AB8/AI8),"") -> 265.8901 | AK8: =IF(AB8="","",AB8-AJ8) -> 211.9099 | AL8: Cao | AM8: Cần theo dõi
A9: 2 | B9: M-00002 | C9: 10626-051 | E9: SVĐ Hùng Vương | F9: VinGroup | I9: Sân vận động | J9: TN | K9: Đang triển khai | L9: Gia công | M9: 46006 | O9: 46462 | R9: =IF(AND(P9<>"",K9="Đang triển khai",OR(AD9="",AD9<1),Q9<>"Có",(P9-TODAY())<=30),"Có","Không") -> Không | U9: 54965 | V9: 0.75147821 | W9: 0.77880469 | X9: 0.28094242 | Y9: 0.14010734 | Z9: 0.0060584008 | AA9: 0 | AB9: 784.6 | AC9: 0.5011 | AD9: 0.4305 | AE9: 100 | AF9: =IF(AB9="","",AB9*AC9) -> 393.16306 | AG9: =IF(AB9="","",AB9*AD9) -> 337.7703 | AH9: =IFERROR(IF(AB9="","",AG9/AF9),"") -> 0.85910996 | AI9: =IFERROR(IF(AB9="","",AG9/AE9),"") -> 3.377703 | AJ9: =IFERROR(IF(AB9="","",AB9/AI9),"") -> 232.28804 | AK9: =IF(AB9="","",AB9-AJ9) -> 552.31196 | AL9: Cao | AM9: Cần theo dõi
A10: 3 | B10: M-00003 | C10: 10625-036 | E10: Apec S3 | F10: SunGroup | J10: TN | K10: Đang triển khai | L10: Lắp dựng | M10: 01/06/2026 | O10: 31/12/2027 | R10: =IF(AND(P10<>"",K10="Đang triển khai",OR(AD10="",AD10<1),Q10<>"Có",(P10-TODAY())<=30),"Có","Không") -> Không | U10: 11475 | V10: 0.064326378 | W10: 0 | X10: 0.053943355 | Y10: 0.053943355 | Z10: 0 | AA10: 0 | AB10: 481.8 | AC10: 0.9 | AD10: 0.85 | AE10: 300 | AF10: =IF(AB10="","",AB10*AC10) -> 433.62 | AG10: =IF(AB10="","",AB10*AD10) -> 409.53 | AH10: =IFERROR(IF(AB10="","",AG10/AF10),"") -> 0.94444444 | AI10: =IFERROR(IF(AB10="","",AG10/AE10),"") -> 1.3651 | AJ10: =IFERROR(IF(AB10="","",AB10/AI10),"") -> 352.94118 | AK10: =IF(AB10="","",AB10-AJ10) -> 128.85882 | AL10: Thấp | AM10: Cần theo dõi
A11: 4 | B11: M-00004 | C11: 10625-030 | E11: Sân bay Phú Quốc T2 | F11: SunGroup | I11: Sân bay | J11: TN | K11: Đang triển khai | L11: Nghiệm thu | M11: 01/04/2026 | O11: 30/09/2027 | R11: =IF(AND(P11<>"",K11="Đang triển khai",OR(AD11="",AD11<1),Q11<>"Có",(P11-TODAY())<=30),"Có","Không") -> Không | U11: 16056 | V11: 1.0818013 | W11: 0 | X11: 0.94388391 | Y11: 0.93030643 | Z11: 0 | AA11: 0 | AB11: 825.6 | AC11: 0.9 | AD11: 0.85 | AE11: 500 | AF11: =IF(AB11="","",AB11*AC11) -> 743.04 | AG11: =IF(AB11="","",AB11*AD11) -> 701.76 | AH11: =IFERROR(IF(AB11="","",AG11/AF11),"") -> 0.94444444 | AI11: =IFERROR(IF(AB11="","",AG11/AE11),"") -> 1.40352 | AJ11: =IFERROR(IF(AB11="","",AB11/AI11),"") -> 588.23529 | AK11: =IF(AB11="","",AB11-AJ11) -> 237.36471 | AL11: Trung bình | AM11: Cần theo dõi
A12: 5 | B12: M-00005 | C12: TCTN.DNS.26.004 | D12: 04-26/HĐTC-DDC NS | E12: ĐƯỜNG CAO TỐC VIN | F12: VinGroup | G12: P. KD 03 - Trương Xuân Cơ | J12: TN | K12: Đang triển khai | L12: Gia công | M12: 45987 | O12: 46264 | R12: =IF(AND(P12<>"",K12="Đang triển khai",OR(AD12="",AD12<1),Q12<>"Có",(P12-TODAY())<=30),"Có","Không") -> Không | S12: 26/11/2025 | T12: 1743.5 | U12: 16334 | V12: 0.63812721 | W12: 0 | X12: 0.062140321 | Y12: 0.023203135 | Z12: 0 | AA12: 0 | AF12: =IF(AB12="","",AB12*AC12) | AG12: =IF(AB12="","",AB12*AD12) | AH12: =IFERROR(IF(AB12="","",AG12/AF12),"") | AI12: =IFERROR(IF(AB12="","",AG12/AE12),"") | AJ12: =IFERROR(IF(AB12="","",AB12/AI12),"") | AK12: =IF(AB12="","",AB12-AJ12)
A13: 6 | B13: M-00006 | C13: 10625-031 | E13: Cầu Đi Bộ (Gói 2) | F13: Nutifood | I13: Cầu (giao thông) — CHƯA có trong danh mục Loại hình hiện tại, cần bổ sung | J13: TN | K13: Đang triển khai | L13: Gia công | M13: 45964 | O13: 46339 | R13: =IF(AND(P13<>"",K13="Đang triển khai",OR(AD13="",AD13<1),Q13<>"Có",(P13-TODAY())<=30),"Có","Không") -> Không | U13: 1247 | V13: 3.3080891 | W13: 0 | X13: 2.5813953 | Y13: 2.1708099 | Z13: 0 | AA13: 0 | AF13: =IF(AB13="","",AB13*AC13) | AG13: =IF(AB13="","",AB13*AD13) | AH13: =IFERROR(IF(AB13="","",AG13/AF13),"") | AI13: =IFERROR(IF(AB13="","",AG13/AE13),"") | AJ13: =IFERROR(IF(AB13="","",AB13/AI13),"") | AK13: =IF(AB13="","",AB13-AJ13)
A14: 7 | B14: M-00007 | C14: 10625-045 | E14: Cầu Mỹ Thủy (NAM ANH) | F14: Ban Giao thông | I14: Cầu (giao thông) — CHƯA có trong danh mục Loại hình hiện tại, cần bổ sung | J14: TN | K14: Đang triển khai | L14: Gia công | M14: 45886 | O14: 46283 | R14: =IF(AND(P14<>"",K14="Đang triển khai",OR(AD14="",AD14<1),Q14<>"Có",(P14-TODAY())<=30),"Có","Không") -> Không | U14: 1354 | V14: 1.5208138 | W14: 0 | X14: 1.5206795 | Y14: 1.1041359 | Z14: 0 | AA14: 0 | AF14: =IF(AB14="","",AB14*AC14) | AG14: =IF(AB14="","",AB14*AD14) | AH14: =IFERROR(IF(AB14="","",AG14/AF14),"") | AI14: =IFERROR(IF(AB14="","",AG14/AE14),"") | AJ14: =IFERROR(IF(AB14="","",AB14/AI14),"") | AK14: =IF(AB14="","",AB14-AJ14)
A15: 8 | B15: M-00008 | C15: 10624-015 | E15: Cầu Ống Lồng | F15: ACV | I15: Cầu (giao thông) — CHƯA có trong danh mục Loại hình hiện tại, cần bổ sung | J15: TN | K15: Đang triển khai | L15: Nghiệm thu | M15: 45483 | O15: 46021 | R15: =IF(AND(P15<>"",K15="Đang triển khai",OR(AD15="",AD15<1),Q15<>"Có",(P15-TODAY())<=30),"Có","Không") -> Không | U15: 2018 | V15: 2.311514 | W15: 0 | X15: 1.1382557 | Y15: 1.0986125 | Z15: 0 | AA15: 0 | AF15: =IF(AB15="","",AB15*AC15) | AG15: =IF(AB15="","",AB15*AD15) | AH15: =IFERROR(IF(AB15="","",AG15/AF15),"") | AI15: =IFERROR(IF(AB15="","",AG15/AE15),"") | AJ15: =IFERROR(IF(AB15="","",AB15/AI15),"") | AK15: =IF(AB15="","",AB15-AJ15)
A16: 9 | B16: M-00009 | C16: 10625-028 | E16: VINFAST VŨNG ÁNG (NHÀ MÁY 3) | F16: Vinhomes Hà Tĩnh | I16: Nhà xưởng | J16: TN | K16: Đang triển khai | L16: Nghiệm thu | M16: 45925 | O16: 46113 | R16: =IF(AND(P16<>"",K16="Đang triển khai",OR(AD16="",AD16<1),Q16<>"Có",(P16-TODAY())<=30),"Có","Không") -> Không | U16: 5500 | V16: 1.0031636 | W16: 0 | X16: 0.86127273 | Y16: 0.086 | Z16: 0 | AA16: 0 | AF16: =IF(AB16="","",AB16*AC16) | AG16: =IF(AB16="","",AB16*AD16) | AH16: =IFERROR(IF(AB16="","",AG16/AF16),"") | AI16: =IFERROR(IF(AB16="","",AG16/AE16),"") | AJ16: =IFERROR(IF(AB16="","",AB16/AI16),"") | AK16: =IF(AB16="","",AB16-AJ16)
A17: 10 | B17: M-00010 | C17: TCTN.DNS.26.003 | D17: 03-26/HĐTC-DDC NS | E17: PEPSICO | F17: Pepsico Viet Nam | G17: P. KD 05 - Nguyễn Trí Nhiên | J17: TN | K17: Đang triển khai | L17: Nghiệm thu | M17: 45986 | O17: 46112 | R17: =IF(AND(P17<>"",K17="Đang triển khai",OR(AD17="",AD17<1),Q17<>"Có",(P17-TODAY())<=30),"Có","Không") -> Không | S17: 21/11/2025 | T17: 18.46 | U17: 337 | V17: 1.0118694 | W17: 0 | X17: 1.0118694 | Y17: 1.0118694 | Z17: 0 | AA17: 0 | AF17: =IF(AB17="","",AB17*AC17) | AG17: =IF(AB17="","",AB17*AD17) | AH17: =IFERROR(IF(AB17="","",AG17/AF17),"") | AI17: =IFERROR(IF(AB17="","",AG17/AE17),"") | AJ17: =IFERROR(IF(AB17="","",AB17/AI17),"") | AK17: =IF(AB17="","",AB17-AJ17)
A18: 11 | B18: M-00011 | C18: 10725-003 | E18: EVAPCO_BISON (TEEL STRUCTURE) | F18: Evapco | I18: EPC (kết cấu thép XK) | J18: XK | K18: Đang triển khai | L18: Gia công | M18: 45833 | O18: 46310 | R18: =IF(AND(P18<>"",K18="Đang triển khai",OR(AD18="",AD18<1),Q18<>"Có",(P18-TODAY())<=30),"Có","Không") -> Không | U18: 4441 | V18: 1.4490045 | W18: 0 | X18: 0.50641747 | Y18: 0.47444269 | Z18: 0 | AA18: 0 | AF18: =IF(AB18="","",AB18*AC18) | AG18: =IF(AB18="","",AB18*AD18) | AH18: =IFERROR(IF(AB18="","",AG18/AF18),"") | AI18: =IFERROR(IF(AB18="","",AG18/AE18),"") | AJ18: =IFERROR(IF(AB18="","",AB18/AI18),"") | AK18: =IF(AB18="","",AB18-AJ18)
A19: 12 | B19: M-00012 | C19: 10725-007 | E19: EVAPCO_BISON (DUCTING) | F19: Evapco | I19: EPC (kết cấu thép XK) | J19: XK | K19: Đang triển khai | L19: Gia công | M19: 45833 | O19: 46371 | R19: =IF(AND(P19<>"",K19="Đang triển khai",OR(AD19="",AD19<1),Q19<>"Có",(P19-TODAY())<=30),"Có","Không") -> Không | U19: 2110 | V19: 0.7941138 | W19: 0 | X19: 0.35924171 | Y19: 0.13838863 | Z19: 0 | AA19: 0 | AF19: =IF(AB19="","",AB19*AC19) | AG19: =IF(AB19="","",AB19*AD19) | AH19: =IFERROR(IF(AB19="","",AG19/AF19),"") | AI19: =IFERROR(IF(AB19="","",AG19/AE19),"") | AJ19: =IFERROR(IF(AB19="","",AB19/AI19),"") | AK19: =IF(AB19="","",AB19-AJ19)
A20: 13 | B20: M-00013 | C20: 10725-008 | E20: EVAPCO_GREGORY | F20: Evapco | I20: EPC (kết cấu thép XK) | J20: XK | K20: Đang triển khai | L20: Gia công | M20: 45773 | O20: 46174 | R20: =IF(AND(P20<>"",K20="Đang triển khai",OR(AD20="",AD20<1),Q20<>"Có",(P20-TODAY())<=30),"Có","Không") -> Không | U20: 2430 | V20: 1.4964944 | W20: 0 | X20: 0.59917695 | Y20: 0.59917695 | Z20: 0 | AA20: 0 | AF20: =IF(AB20="","",AB20*AC20) | AG20: =IF(AB20="","",AB20*AD20) | AH20: =IFERROR(IF(AB20="","",AG20/AF20),"") | AI20: =IFERROR(IF(AB20="","",AG20/AE20),"") | AJ20: =IFERROR(IF(AB20="","",AB20/AI20),"") | AK20: =IF(AB20="","",AB20-AJ20)
A21: 14 | B21: M-00014 | C21: 10725-009 | E21: VIOLA, KANSAS (STEEL STRUCTURE) | F21: Evapco | I21: EPC (kết cấu thép XK) | J21: XK | K21: Đang triển khai | L21: Gia công | M21: 45964 | O21: 46232 | R21: =IF(AND(P21<>"",K21="Đang triển khai",OR(AD21="",AD21<1),Q21<>"Có",(P21-TODAY())<=30),"Có","Không") -> Không | U21: 2117 | V21: 1.2353204 | W21: 0 | X21: 0.19508739 | Y21: 0.17902692 | Z21: 0 | AA21: 0 | AF21: =IF(AB21="","",AB21*AC21) | AG21: =IF(AB21="","",AB21*AD21) | AH21: =IFERROR(IF(AB21="","",AG21/AF21),"") | AI21: =IFERROR(IF(AB21="","",AG21/AE21),"") | AJ21: =IFERROR(IF(AB21="","",AB21/AI21),"") | AK21: =IF(AB21="","",AB21-AJ21)
A22: 15 | B22: M-00015 | C22: 10725-011 | E22: VIOLA, KANSAS (DUCTING) | F22: Evapco | I22: EPC (kết cấu thép XK) | J22: XK | K22: Đang triển khai | L22: Gia công | M22: 45953 | O22: 46218 | R22: =IF(AND(P22<>"",K22="Đang triển khai",OR(AD22="",AD22<1),Q22<>"Có",(P22-TODAY())<=30),"Có","Không") -> Không | U22: 1860 | V22: 0.49161723 | W22: 0 | X22: 0.18548387 | Y22: 0.18548387 | Z22: 0 | AA22: 0 | AF22: =IF(AB22="","",AB22*AC22) | AG22: =IF(AB22="","",AB22*AD22) | AH22: =IFERROR(IF(AB22="","",AG22/AF22),"") | AI22: =IFERROR(IF(AB22="","",AG22/AE22),"") | AJ22: =IFERROR(IF(AB22="","",AB22/AI22),"") | AK22: =IF(AB22="","",AB22-AJ22)
A23: 16 | B23: M-00016 | C23: 10725-006 | E23: MOMBASA JACKETS PROJECT | F23: JFE | I23: EPC (kết cấu thép XK) | J23: XK | K23: Đang triển khai | L23: Gia công | M23: 45797 | O23: 46395 | R23: =IF(AND(P23<>"",K23="Đang triển khai",OR(AD23="",AD23<1),Q23<>"Có",(P23-TODAY())<=30),"Có","Không") -> Không | U23: 3726 | V23: 1.5068053 | W23: 0 | X23: 0.75550188 | Y23: 0.75550188 | Z23: 0 | AA23: 0 | AF23: =IF(AB23="","",AB23*AC23) | AG23: =IF(AB23="","",AB23*AD23) | AH23: =IFERROR(IF(AB23="","",AG23/AF23),"") | AI23: =IFERROR(IF(AB23="","",AG23/AE23),"") | AJ23: =IFERROR(IF(AB23="","",AB23/AI23),"") | AK23: =IF(AB23="","",AB23-AJ23)
A24: 17 | B24: M-00017 | C24: 12626-023 | E24: SÂN BAY QUẢNG TRỊ | F24: CTy CHK Quảng Trị | I24: Sân bay | J24: TN | K24: Chuẩn bị triển khai | L24: Gia công | M24: 46027 | O24: 46190 | R24: =IF(AND(P24<>"",K24="Đang triển khai",OR(AD24="",AD24<1),Q24<>"Có",(P24-TODAY())<=30),"Có","Không") -> Không | U24: 1531 | V24: 0 | W24: 0 | X24: 0 | Y24: 0 | Z24: 0 | AA24: 0 | AF24: =IF(AB24="","",AB24*AC24) | AG24: =IF(AB24="","",AB24*AD24) | AH24: =IFERROR(IF(AB24="","",AG24/AF24),"") | AI24: =IFERROR(IF(AB24="","",AG24/AE24),"") | AJ24: =IFERROR(IF(AB24="","",AB24/AI24),"") | AK24: =IF(AB24="","",AB24-AJ24)

Sheet DanhMuc_ThamChieu
A1: Danh sách chuẩn dùng cho Data Validation (KHÔNG xoá/đổi tên sheet này)
A2: Priority | B2: LoaiHinh | C2: TrangThaiDA | D2: ThiTruong | E2: CoKhong | F2: TeamKD
A3: P0 - Trọng yếu | B3: EPC | C3: Đang triển khai | D3: TN | E3: Có | F3: P.KD 01
A4: P1 - Lớn | B4: Sân bay | C4: Chuẩn bị triển khai | D4: XK | E4: Không | F4: P.KD 03
A5: P2 - Bình thường | B5: Sân vận động | C5: Hoàn thành | F5: P.KD 04
A6: P3 - Nội bộ | B6: Nhà xưởng | C6: Tạm dừng | F6: P.KD 05
B7: Cầu cảng | F7: P.KD 06
B8: Cao tầng | F8: P.KD 08
B9: Đóng tàu | F9: P.KD 09
B10: Cầu (giao thông) - MỚI phát hiện, cần bổ sung | F10: P.KD EPC
B11: Khác | F11: Công trình nội bộ
F12: Khác (ghi rõ trong Ghi chú)

Sheet Log_case
A1: LOG_CASE — LỊCH SỬ SNAPSHOT THEO THÁNG (nguồn vẽ biểu đồ xu hướng EVM/rủi ro)
A3: Tháng | B3: Tổng số DA | C3: Hoàn thành | D3: Đang triển khai | E3: Chuẩn bị triển khai | F3: Đúng tiến độ | G3: Trễ tiến độ | H3: Có nguy cơ phạt HĐ | I3: Đã bị phạt HĐ
A4: =TEXT(TODAY(),"yyyy-mm")&" (tự động - hiện tại)" -> 2026-09 (tự động - hiện tại) | B4: =COUNTA(MasterData!$C$8:$C$24) -> 17 | C4: =COUNTIF(MasterData!$K$8:$K$24,"Hoàn thành") -> 0 | D4: =COUNTIF(MasterData!$K$8:$K$24,"Đang triển khai") -> 16 | E4: =COUNTIF(MasterData!$K$8:$K$24,"Chuẩn bị triển khai") -> 1 | F4: =SUMPRODUCT((MasterData!$K$8:$K$24="Đang triển khai")*ISNUMBER(MasterData!$AD$8:$AD$24)*(MasterData!$AD$8:$AD$24>=MasterData!$AC$8:$AC$24-0.05)) -> 2 | G4: =COUNTIF(MasterData!$K$8:$K$24,"Đang triển khai")-F4 -> 14 | H4: =COUNTIF(MasterData!$R$8:$R$24,"Có") -> 0 | I4: =COUNTIF(MasterData!$Q$8:$Q$24,"Có") -> 0
A12: Ghi chú: Dòng "(tự động - hiện tại)" LUÔN tính lại theo dữ liệu mới nhất trong sheet MasterData — không tự sửa tay dòng này. Cuối mỗi kỳ báo cáo: bôi đen dòng hiện tại → Copy → Paste Values (Ctrl+Shift+V) vào 1 dòng MỚI phía trên (không đè lên dòng tự động), để lưu lại đúng số liệu của tháng đó làm lịch sử vẽ xu hướng (matches cách sheet LichSuThang cũ đang làm). Cột "Có nguy cơ phạt HĐ"/"Đã bị phạt HĐ" hiện = 0 vì 2 cột nguồn tương ứng trong MasterData (Ngày cam kết bàn giao, Đã bị phạt HĐ?) chưa được PM điền — xem sheet KeHoach_ThuThap.
